Description,Latitude,Longitude
Pokestop,-37.789737,144.976202
Pokestop,-37.790455,144.97989
Pokestop,-37.790831,144.979624
Pokestop,-37.791349,144.97587
Pokestop,-37.791519,144.981672
Pokestop,-37.79175,144.975143
Pokestop,-37.792012,144.98198
Pokestop,-37.792238,144.976181
Pokestop,-37.792787,144.974998
Pokestop,-37.792809,144.975539
Pokestop,-37.792845,144.982493
Pokestop,-37.792852,144.9795
Pokestop,-37.792891,144.979781
Pokestop,-37.792998,144.979213
Pokestop,-37.793287,144.981765
Pokestop,-37.793328,144.982917
Pokestop,-37.793482,144.978222
Pokestop,-37.793498,144.978701
Pokestop,-37.7937,144.980419
Pokestop,-37.793808,144.981661
Pokestop,-37.793929,144.980381
Pokestop,-37.793935,144.988076
Pokestop,-37.79416,144.99062
Pokestop,-37.794264,144.991383
Pokestop,-37.794266,144.979692
Pokestop,-37.794392,144.985175
Pokestop,-37.79447,144.978561
Pokestop,-37.79448,144.983175
Pokestop,-37.794587,144.983941
Pokestop,-37.794692,144.979235
Pokestop,-37.794914,144.978499
Pokestop,-37.794931,144.979533
Pokestop,-37.794954,144.981476
Pokestop,-37.795016,144.980139
Pokestop,-37.79528,144.97774
Pokestop,-37.795344,144.985662
Pokestop,-37.795356,144.979224
Pokestop,-37.795412,144.978823
Pokestop,-37.79544,144.98502
Pokestop,-37.795445,144.980517
Pokestop,-37.795478,144.982939
Pokestop,-37.79557,144.98788
Pokestop,-37.795572,144.981309
Pokestop,-37.795806,144.988325
Pokestop,-37.795941,144.984031
Pokestop,-37.795953,144.97779
Pokestop,-37.795977,144.985849
Pokestop,-37.796094,144.983631
Pokestop,-37.79625,144.980969
Pokestop,-37.79629,144.981673
Pokestop,-37.796322,144.979303
Pokestop,-37.796369,144.979873
Pokestop,-37.796388,144.982723
Pokestop,-37.796419,144.984803
Pokestop,-37.796601,144.978082
Pokestop,-37.796654,144.978515
Pokestop,-37.796665,144.987403
Pokestop,-37.796713,144.982327
Pokestop,-37.796855,144.983504
Pokestop,-37.796865,144.985153
Pokestop,-37.796876,144.992651
Pokestop,-37.796903,144.97916
Pokestop,-37.796918,144.986849
Pokestop,-37.797041,144.993169
Pokestop,-37.79712,144.978156
Pokestop,-37.797239,144.982223
Pokestop,-37.797256,144.979244
Pokestop,-37.797312,144.983094
Pokestop,-37.797475,144.993107
Pokestop,-37.797533,144.977888
Pokestop,-37.797597,144.978502
Pokestop,-37.797649,144.984609
Pokestop,-37.797695,144.986384
Pokestop,-37.797708,144.984367
Pokestop,-37.797727,144.98538
Pokestop,-37.797792,144.987236
Pokestop,-37.797833,144.981783
Pokestop,-37.797883,144.981454
Pokestop,-37.797907,144.982709
Pokestop,-37.797982,144.987691
Pokestop,-37.798013,144.984986
Pokestop,-37.798032,144.980691
Pokestop,-37.798085,144.98668
Pokestop,-37.798155,144.981849
Pokestop,-37.798252,144.987404
Pokestop,-37.798309,144.979554
Pokestop,-37.798317,144.980875
Pokestop,-37.798357,144.946809
Pokestop,-37.798391,144.98631
Pokestop,-37.798415,144.978346
Pokestop,-37.798492,144.979075
Pokestop,-37.79857,144.984409
Pokestop,-37.798805,144.98118
Pokestop,-37.798822,144.989341
Pokestop,-37.798921,144.948644
Pokestop,-37.798926,144.982099
Pokestop,-37.798961,144.98321
Pokestop,-37.79897,144.979998
Pokestop,-37.798985,144.978194
Pokestop,-37.798992,144.983851
Pokestop,-37.798999,144.987754
Pokestop,-37.799018,144.98411
Pokestop,-37.799032,144.987285
Pokestop,-37.799033,144.980722
Pokestop,-37.799042,144.978982
Pokestop,-37.799043,144.979559
Pokestop,-37.799046,144.992442
Pokestop,-37.799059,144.986246
Pokestop,-37.799148,144.982562
Pokestop,-37.79916,144.985349
Pokestop,-37.799266,144.989151
Pokestop,-37.799417,144.978157
Pokestop,-37.799443,144.993546
Pokestop,-37.799451,144.988238
Pokestop,-37.799457,144.987398
Pokestop,-37.799499,144.978756
Pokestop,-37.799695,144.984243
Pokestop,-37.799717,144.992751
Pokestop,-37.799725,144.990254
Pokestop,-37.799729,144.990685
Pokestop,-37.799778,144.990962
Pokestop,-37.799811,144.978023
Pokestop,-37.799859,144.992079
Pokestop,-37.799892,144.987126
Pokestop,-37.799894,144.979391
Pokestop,-37.79996,144.953353
Pokestop,-37.800027,144.980604
Pokestop,-37.800055,144.986514
Pokestop,-37.800113,144.983923
Pokestop,-37.800149,144.989922
Pokestop,-37.800211,144.984783
Pokestop,-37.800251,144.981772
Pokestop,-37.800317,144.98917
Pokestop,-37.800343,144.982703
Pokestop,-37.800368,144.949911
Pokestop,-37.800368,144.979317
Pokestop,-37.800373,144.990582
Pokestop,-37.800395,144.992682
Pokestop,-37.800491,144.990859
Pokestop,-37.80053,144.986998
Pokestop,-37.800567,144.985478
Pokestop,-37.800665,144.977977
Pokestop,-37.800665,144.984517
Pokestop,-37.800681,144.97925
Pokestop,-37.800755,144.978662
Pokestop,-37.800756,144.94928
Pokestop,-37.800806,144.981085
Pokestop,-37.800837,144.969578
Pokestop,-37.800867,144.980075
Pokestop,-37.800908,144.986724
Pokestop,-37.800911,144.993033
Pokestop,-37.800945,144.981928
Pokestop,-37.800974,144.948773
Pokestop,-37.801008,144.982804
Pokestop,-37.801017,144.986151
Pokestop,-37.801028,144.984756
Pokestop,-37.801035,144.953006
Pokestop,-37.801055,144.953458
Pokestop,-37.801097,144.990904
Pokestop,-37.801163,144.956376
Pokestop,-37.801168,144.970312
Pokestop,-37.80124,144.977867
Pokestop,-37.801252,144.993913
Pokestop,-37.801293,144.981545
Pokestop,-37.801306,144.956243
Pokestop,-37.801361,144.992454
Pokestop,-37.801417,144.947666
Pokestop,-37.801529,144.949697
Pokestop,-37.801616,144.981505
Pokestop,-37.80162,144.978625
Pokestop,-37.801646,144.977726
Pokestop,-37.80165,144.984533
Pokestop,-37.801715,144.954338
Pokestop,-37.80176,144.958592
Pokestop,-37.801785,144.980306
Pokestop,-37.801862,144.949681
Pokestop,-37.801952,144.977933
Pokestop,-37.801973,144.993147
Pokestop,-37.802009,144.981409
Pokestop,-37.802025,144.980673
Pokestop,-37.802042,144.958182
Pokestop,-37.802082,144.983839
Pokestop,-37.802097,144.991641
Pokestop,-37.80212,144.987878
Pokestop,-37.802145,144.979884
Pokestop,-37.80215,144.954362
Pokestop,-37.80215,144.987294
Pokestop,-37.802184,144.946218
Pokestop,-37.802184,144.986065
Pokestop,-37.802214,144.970572
Pokestop,-37.802245,144.959949
Pokestop,-37.802261,144.985168
Pokestop,-37.802319,144.988884
Pokestop,-37.802336,144.948394
Pokestop,-37.802384,144.979532
Pokestop,-37.802391,144.981081
Pokestop,-37.802411,144.983187
Pokestop,-37.802453,144.94879
Pokestop,-37.802489,144.956883
Pokestop,-37.80249,144.957385
Pokestop,-37.802515,144.949549
Pokestop,-37.802525,144.981332
Pokestop,-37.802527,144.98735
Pokestop,-37.802633,144.954358
Pokestop,-37.802694,144.955903
Pokestop,-37.802705,144.993113
Pokestop,-37.802828,144.992733
Pokestop,-37.802848,144.946395
Pokestop,-37.802853,144.945304
Pokestop,-37.802866,144.971961
Pokestop,-37.80288,144.958993
Pokestop,-37.802929,144.947014
Pokestop,-37.802954,144.960695
Pokestop,-37.80298,144.961845
Pokestop,-37.802993,144.979147
Pokestop,-37.802994,144.991714
Pokestop,-37.803032,144.959276
Pokestop,-37.80312,144.958834
Pokestop,-37.803149,144.946013
Pokestop,-37.803149,144.969868
Pokestop,-37.803179,144.970411
Pokestop,-37.80318,144.980238
Pokestop,-37.803208,144.949165
Pokestop,-37.803242,144.962526
Pokestop,-37.803256,144.946894
Pokestop,-37.80329,144.959202
Pokestop,-37.803291,144.94555
Pokestop,-37.803333,144.953611
Pokestop,-37.803336,144.978307
Pokestop,-37.803348,144.954251
Pokestop,-37.803367,144.955447
Pokestop,-37.803378,144.962724
Pokestop,-37.803489,144.983356
Pokestop,-37.803493,144.978691
Pokestop,-37.8035,144.976425
Pokestop,-37.803531,144.98844
Pokestop,-37.803547,144.971017
Pokestop,-37.803569,144.982112
Pokestop,-37.803576,144.955303
Pokestop,-37.803589,144.947791
Pokestop,-37.803608,144.94967
Pokestop,-37.803625,144.958619
Pokestop,-37.803652,144.984931
Pokestop,-37.803681,144.960545
Pokestop,-37.803695,144.963597
Pokestop,-37.803702,144.947241
Pokestop,-37.803719,144.971656
Pokestop,-37.803789,144.986666
Pokestop,-37.8038,144.953213
Pokestop,-37.80381,144.991989
Pokestop,-37.803921,144.95608
Pokestop,-37.803928,144.982823
Pokestop,-37.803929,144.948851
Pokestop,-37.803949,144.992555
Pokestop,-37.803976,144.986638
Pokestop,-37.803978,144.945895
Pokestop,-37.803993,144.97797
Pokestop,-37.803995,144.981074
Pokestop,-37.804005,144.977025
Pokestop,-37.804007,144.979535
Pokestop,-37.804017,144.950501
Pokestop,-37.804026,144.976515
Pokestop,-37.804039,144.957214
Pokestop,-37.80405,144.970446
Pokestop,-37.804057,144.965299
Pokestop,-37.804085,144.983281
Pokestop,-37.804097,144.948683
Pokestop,-37.804112,144.990421
Pokestop,-37.804171,144.969893
Pokestop,-37.804199,144.978742
Pokestop,-37.804204,144.980999
Pokestop,-37.804272,144.95558
Pokestop,-37.804313,144.993947
Pokestop,-37.804325,144.963483
Pokestop,-37.804331,144.958271
Pokestop,-37.804338,144.951662
Pokestop,-37.804364,144.99296
Pokestop,-37.80438,144.976378
Pokestop,-37.804386,144.979831
Pokestop,-37.804415,144.950463
Pokestop,-37.804425,144.99359
Pokestop,-37.804463,144.966509
Pokestop,-37.804465,144.984771
Pokestop,-37.804505,144.987926
Pokestop,-37.804516,144.948609
Pokestop,-37.804529,144.963963
Pokestop,-37.804541,144.978517
Pokestop,-37.804545,144.954032
Pokestop,-37.80456,144.961934
Pokestop,-37.804589,144.982653
Pokestop,-37.804609,144.970224
Pokestop,-37.804642,144.96158
Pokestop,-37.804652,144.977427
Pokestop,-37.804683,144.987612
Pokestop,-37.804725,144.988605
Pokestop,-37.804728,144.971308
Pokestop,-37.804751,144.963095
Pokestop,-37.804775,144.947006
Pokestop,-37.804781,144.971762
Pokestop,-37.804823,144.960353
Pokestop,-37.804826,144.949931
Pokestop,-37.804856,144.969637
Pokestop,-37.804858,144.953614
Pokestop,-37.804872,144.951284
Pokestop,-37.804877,144.950457
Pokestop,-37.804884,144.951771
Pokestop,-37.804895,144.990331
Pokestop,-37.804911,144.982658
Pokestop,-37.804934,144.992456
Pokestop,-37.804973,144.976134
Pokestop,-37.804997,144.98438
Pokestop,-37.805003,144.991425
Pokestop,-37.805071,144.947576
Pokestop,-37.805123,144.99267
Pokestop,-37.805143,144.967111
Pokestop,-37.805148,144.984086
Pokestop,-37.805155,144.992966
Pokestop,-37.805174,144.96746
Pokestop,-37.805209,144.983292
Pokestop,-37.805224,144.970271
Pokestop,-37.805238,144.948675
Pokestop,-37.805242,144.951385
Pokestop,-37.805259,144.95549
Pokestop,-37.805272,144.9884
Pokestop,-37.805306,144.968649
Pokestop,-37.805358,144.977195
Pokestop,-37.80536,144.963312
Pokestop,-37.805363,144.986123
Pokestop,-37.805371,144.957934
Pokestop,-37.805397,144.962968
Pokestop,-37.8054,144.986844
Pokestop,-37.805423,144.985882
Pokestop,-37.805427,144.949865
Pokestop,-37.805434,144.949106
Pokestop,-37.805454,144.976115
Pokestop,-37.805513,144.982492
Pokestop,-37.805543,144.980561
Pokestop,-37.805557,144.989175
Pokestop,-37.805591,144.961728
Pokestop,-37.805597,144.976694
Pokestop,-37.805607,144.983221
Pokestop,-37.805613,144.975028
Pokestop,-37.80564,144.956687
Pokestop,-37.805686,144.955777
Pokestop,-37.805691,144.952531
Pokestop,-37.805735,144.950214
Pokestop,-37.805745,144.959588
Pokestop,-37.80575,144.969643
Pokestop,-37.805756,144.985519
Pokestop,-37.805759,144.947808
Pokestop,-37.805765,144.964407
Pokestop,-37.805765,144.967745
Pokestop,-37.805774,144.958122
Pokestop,-37.805842,144.988116
Pokestop,-37.805854,144.982498
Pokestop,-37.805875,144.966233
Pokestop,-37.805885,144.977261
Pokestop,-37.805889,144.983963
Pokestop,-37.805896,144.953201
Pokestop,-37.805907,144.992227
Pokestop,-37.805908,144.980087
Pokestop,-37.805943,144.986084
Pokestop,-37.806009,144.953928
Pokestop,-37.806009,144.97827
Pokestop,-37.806016,144.951958
Pokestop,-37.806026,144.958499
Pokestop,-37.806045,144.978784
Pokestop,-37.806062,144.986711
Pokestop,-37.80611,144.962226
Pokestop,-37.806125,144.965612
Pokestop,-37.806127,144.954924
Pokestop,-37.806143,144.957257
Pokestop,-37.806158,144.981618
Pokestop,-37.806166,144.980087
Pokestop,-37.806209,144.965161
Pokestop,-37.80622,144.980743
Pokestop,-37.806262,144.987566
Pokestop,-37.806301,144.970695
Pokestop,-37.80631,144.961301
Pokestop,-37.806313,144.983182
Pokestop,-37.806321,144.96617
Pokestop,-37.806351,144.979242
Pokestop,-37.806371,144.978727
Pokestop,-37.806405,144.977177
Pokestop,-37.806408,144.991515
Pokestop,-37.806435,144.985103
Pokestop,-37.806474,144.955192
Pokestop,-37.806477,144.959288
Pokestop,-37.806484,144.962739
Pokestop,-37.806491,144.982755
Pokestop,-37.806495,144.969674
Pokestop,-37.806515,144.970674
Pokestop,-37.806572,144.965776
Pokestop,-37.806588,144.953314
Pokestop,-37.80659,144.956037
Pokestop,-37.806598,144.963619
Pokestop,-37.80661,144.991464
Pokestop,-37.806632,144.95991
Pokestop,-37.806646,144.982387
Pokestop,-37.806646,144.983688
Pokestop,-37.80668,144.964122
Pokestop,-37.806709,144.957096
Pokestop,-37.806742,144.986412
Pokestop,-37.806753,144.983453
Pokestop,-37.806754,144.95841
Pokestop,-37.806796,144.964944
Pokestop,-37.806805,144.952131
Pokestop,-37.806848,144.960505
Pokestop,-37.806876,144.987663
Pokestop,-37.806878,144.959363
Pokestop,-37.806882,144.967235
Pokestop,-37.806924,144.98501
Pokestop,-37.806926,144.98854
Pokestop,-37.806935,144.9904
Pokestop,-37.806954,144.98226
Pokestop,-37.807007,144.975946
Pokestop,-37.807021,144.969128
Pokestop,-37.807075,144.955963
Pokestop,-37.807094,144.951353
Pokestop,-37.807153,144.965597
Pokestop,-37.807168,144.966449
Pokestop,-37.80717,144.975044
Pokestop,-37.80717,144.989304
Pokestop,-37.807181,144.95822
Pokestop,-37.807226,144.959226
Pokestop,-37.807243,144.993557
Pokestop,-37.807288,144.97704
Pokestop,-37.807308,144.953162
Pokestop,-37.807321,144.972665
Pokestop,-37.807337,144.961617
Pokestop,-37.807358,144.958608
Pokestop,-37.807373,144.964706
Pokestop,-37.807397,144.971457
Pokestop,-37.807408,144.950761
Pokestop,-37.807457,144.951817
Pokestop,-37.807457,144.964074
Pokestop,-37.807462,144.966508
Pokestop,-37.807528,144.95827
Pokestop,-37.807539,144.969158
Pokestop,-37.807599,144.976789
Pokestop,-37.807666,144.956054
Pokestop,-37.807698,144.962498
Pokestop,-37.807731,144.963928
Pokestop,-37.807767,144.970935
Pokestop,-37.807785,144.946398
Pokestop,-37.807806,144.965421
Pokestop,-37.807822,144.955841
Pokestop,-37.807843,144.982216
Pokestop,-37.80786,144.984078
Pokestop,-37.807862,144.97855
Pokestop,-37.807868,144.961005
Pokestop,-37.807953,144.964019
Pokestop,-37.807982,144.963246
Pokestop,-37.808028,144.947911
Pokestop,-37.808029,144.987311
Pokestop,-37.80805,144.982788
Pokestop,-37.808081,144.987794
Pokestop,-37.808142,144.982573
Pokestop,-37.808147,144.957722
Pokestop,-37.808201,144.949406
Pokestop,-37.80823,144.959289
Pokestop,-37.808279,144.966248
Pokestop,-37.808291,144.950385
Pokestop,-37.808316,144.964207
Pokestop,-37.808342,144.974363
Pokestop,-37.808346,144.958034
Pokestop,-37.80836,144.985313
Pokestop,-37.808361,144.962266
Pokestop,-37.808387,144.956798
Pokestop,-37.808402,144.965267
Pokestop,-37.808449,144.948455
Pokestop,-37.808478,144.98101
Pokestop,-37.808504,144.971566
Pokestop,-37.808507,144.965956
Pokestop,-37.808521,144.945005
Pokestop,-37.808551,144.948977
Pokestop,-37.808551,144.951705
Pokestop,-37.808561,144.947053
Pokestop,-37.808567,144.959593
Pokestop,-37.808603,144.963508
Pokestop,-37.808616,144.962788
Pokestop,-37.808667,144.98558
Pokestop,-37.808687,144.960403
Pokestop,-37.808692,144.983387
Pokestop,-37.808725,144.97076
Pokestop,-37.808772,144.964842
Pokestop,-37.808783,144.9548
Pokestop,-37.808788,144.96601
Pokestop,-37.808803,144.972451
Pokestop,-37.808821,144.958588
Pokestop,-37.808843,144.984944
Pokestop,-37.808857,144.971061
Pokestop,-37.808878,144.992458
Pokestop,-37.808909,144.951978
Pokestop,-37.808922,144.973492
Pokestop,-37.809011,144.965341
Pokestop,-37.809043,144.948992
Pokestop,-37.809071,144.980811
Pokestop,-37.809086,144.958119
Pokestop,-37.809107,144.969438
Pokestop,-37.809111,144.964314
Pokestop,-37.809127,144.964835
Pokestop,-37.809139,144.987769
Pokestop,-37.809144,144.956758
Pokestop,-37.809193,144.988801
Pokestop,-37.809216,144.962204
Pokestop,-37.809221,144.963864
Pokestop,-37.809221,144.968739
Pokestop,-37.809229,144.946141
Pokestop,-37.809237,144.974178
Pokestop,-37.809255,144.963007
Pokestop,-37.809313,144.958061
Pokestop,-37.809318,144.974802
Pokestop,-37.809422,144.954447
Pokestop,-37.809424,144.96836
Pokestop,-37.809447,144.962406
Pokestop,-37.809452,144.990672
Pokestop,-37.809475,144.973541
Pokestop,-37.80948,144.991023
Pokestop,-37.809499,144.966318
Pokestop,-37.809516,144.961668
Pokestop,-37.809613,144.986004
Pokestop,-37.809648,144.970773
Pokestop,-37.809661,144.992751
Pokestop,-37.809675,144.992886
Pokestop,-37.809688,144.993871
Pokestop,-37.809709,144.951422
Pokestop,-37.809751,144.955054
Pokestop,-37.809764,144.967975
Pokestop,-37.809771,144.964442
Pokestop,-37.809772,144.973489
Pokestop,-37.809793,144.96378
Pokestop,-37.809861,144.971435
Pokestop,-37.809918,144.992241
Pokestop,-37.809942,144.964764
Pokestop,-37.81,144.973611
Pokestop,-37.810037,144.989271
Pokestop,-37.810044,144.972625
Pokestop,-37.810069,144.962752
Pokestop,-37.81017,144.990946
Pokestop,-37.810189,144.974951
Pokestop,-37.810197,144.952582
Pokestop,-37.810224,144.992936
Pokestop,-37.81023,144.964745
Pokestop,-37.810238,144.954955
Pokestop,-37.810254,144.968041
Pokestop,-37.810272,144.969879
Pokestop,-37.810273,144.961164
Pokestop,-37.810273,144.964532
Pokestop,-37.810277,144.963055
Pokestop,-37.810282,144.963536
Pokestop,-37.810288,144.962151
Pokestop,-37.8103,144.968294
Pokestop,-37.81034,144.955549
Pokestop,-37.810359,144.965655
Pokestop,-37.810416,144.992331
Pokestop,-37.810421,144.969332
Pokestop,-37.810477,144.966172
Pokestop,-37.810534,144.959913
Pokestop,-37.810547,144.971754
Pokestop,-37.810591,144.956558
Pokestop,-37.810607,144.961615
Pokestop,-37.810667,144.972551
Pokestop,-37.810694,144.953822
Pokestop,-37.810696,144.97127
Pokestop,-37.810699,144.991356
Pokestop,-37.810756,144.959486
Pokestop,-37.810773,144.950866
Pokestop,-37.81078,144.970281
Pokestop,-37.81088,144.951502
Pokestop,-37.81096,144.957221
Pokestop,-37.810989,144.990928
Pokestop,-37.811058,144.965942
Pokestop,-37.811062,144.993124
Pokestop,-37.811081,144.962204
Pokestop,-37.811118,144.969918
Pokestop,-37.811127,144.969308
Pokestop,-37.811137,144.959099
Pokestop,-37.811201,144.966421
Pokestop,-37.811205,144.963169
Pokestop,-37.811206,144.964484
Pokestop,-37.811233,144.959642
Pokestop,-37.811244,144.973437
Pokestop,-37.811282,144.946447
Pokestop,-37.811293,144.968427
Pokestop,-37.811293,144.969264
Pokestop,-37.811316,144.95392
Pokestop,-37.81132,144.95834
Pokestop,-37.811333,144.961997
Pokestop,-37.811372,144.966842
Pokestop,-37.81138,144.945914
Pokestop,-37.811384,144.988419
Pokestop,-37.81139,144.964858
Pokestop,-37.811443,144.957945
Pokestop,-37.811458,144.972338
Pokestop,-37.811469,144.953169
Pokestop,-37.811493,144.966212
Pokestop,-37.811497,144.965368
Pokestop,-37.811502,144.963635
Pokestop,-37.811523,144.964276
Pokestop,-37.811527,144.98772
Pokestop,-37.811532,144.986469
Pokestop,-37.81154,144.961148
Pokestop,-37.811546,144.95759
Pokestop,-37.811564,144.961461
Pokestop,-37.811613,144.973007
Pokestop,-37.811642,144.960478
Pokestop,-37.811667,144.956131
Pokestop,-37.811669,144.948813
Pokestop,-37.811679,144.965298
Pokestop,-37.81169,144.959332
Pokestop,-37.811705,144.955657
Pokestop,-37.811788,144.967853
Pokestop,-37.811851,144.950675
Pokestop,-37.811874,144.974268
Pokestop,-37.811909,144.967492
Pokestop,-37.811918,144.970667
Pokestop,-37.811922,144.954977
Pokestop,-37.811931,144.959916
Pokestop,-37.811951,144.968392
Pokestop,-37.811952,144.988212
Pokestop,-37.811961,144.956671
Pokestop,-37.812,144.953525
Pokestop,-37.812027,144.962556
Pokestop,-37.812031,144.96354
Pokestop,-37.81205,144.973191
Pokestop,-37.812056,144.958894
Pokestop,-37.812065,144.967095
Pokestop,-37.812071,144.966738
Pokestop,-37.812092,144.963309
Pokestop,-37.812115,144.972217
Pokestop,-37.812136,144.966436
Pokestop,-37.8122,144.964545
Pokestop,-37.812212,144.954085
Pokestop,-37.812251,144.962851
Pokestop,-37.812283,144.960544
Pokestop,-37.812314,144.973759
Pokestop,-37.812323,144.965808
Pokestop,-37.812377,144.971376
Pokestop,-37.812392,144.972399
Pokestop,-37.812476,144.965369
Pokestop,-37.812557,144.956569
Pokestop,-37.812584,144.973407
Pokestop,-37.812586,144.957175
Pokestop,-37.812591,144.966355
Pokestop,-37.812605,144.989344
Pokestop,-37.812657,144.969863
Pokestop,-37.812672,144.975413
Pokestop,-37.812715,144.971872
Pokestop,-37.812723,144.964021
Pokestop,-37.812735,144.958756
Pokestop,-37.812737,144.95176
Pokestop,-37.812746,144.965157
Pokestop,-37.812812,144.959486
Pokestop,-37.812815,144.953885
Pokestop,-37.812817,144.96235
Pokestop,-37.812818,144.973986
Pokestop,-37.812822,144.953265
Pokestop,-37.812841,144.983344
Pokestop,-37.812864,144.954553
Pokestop,-37.81288,144.962872
Pokestop,-37.812884,144.955388
Pokestop,-37.812892,144.963494
Pokestop,-37.812904,144.971103
Pokestop,-37.81293,144.972467
Pokestop,-37.812938,144.968155
Pokestop,-37.81294,144.955158
Pokestop,-37.812949,144.991013
Pokestop,-37.812995,144.976013
Pokestop,-37.813001,144.951499
Pokestop,-37.813036,144.952417
Pokestop,-37.813086,144.989147
Pokestop,-37.813112,144.952027
Pokestop,-37.813221,144.971239
Pokestop,-37.813264,144.974267
Pokestop,-37.813272,144.970488
Pokestop,-37.813298,144.959216
Pokestop,-37.813316,144.960418
Pokestop,-37.813333,144.965833
Pokestop,-37.813336,144.954153
Pokestop,-37.813346,144.973445
Pokestop,-37.813401,144.967509
Pokestop,-37.813452,144.968791
Pokestop,-37.813483,144.975031
Pokestop,-37.813506,144.957018
Pokestop,-37.813536,144.955469
Pokestop,-37.813537,144.957389
Pokestop,-37.813545,144.96203
Pokestop,-37.813548,144.969911
Pokestop,-37.813553,144.973658
Pokestop,-37.813587,144.967194
Pokestop,-37.813606,144.963179
Pokestop,-37.813611,144.976388
Pokestop,-37.813663,144.970415
Pokestop,-37.81368,144.963606
Pokestop,-37.813695,144.96849
Pokestop,-37.813717,144.945215
Pokestop,-37.813721,144.954701
Pokestop,-37.813733,144.974382
Pokestop,-37.813735,144.97221
Pokestop,-37.813738,144.961317
Pokestop,-37.813795,144.971939
Pokestop,-37.813802,144.965637
Pokestop,-37.813838,144.960335
Pokestop,-37.813884,144.945888
Pokestop,-37.813948,144.970836
Pokestop,-37.813975,144.964565
Pokestop,-37.814038,144.959657
Pokestop,-37.814079,144.970746
Pokestop,-37.814094,144.972447
Pokestop,-37.814104,144.963395
Pokestop,-37.814105,144.939862
Pokestop,-37.814146,144.964062
Pokestop,-37.814163,144.967115
Pokestop,-37.814192,144.957672
Pokestop,-37.814209,144.971256
Pokestop,-37.814217,144.947006
Pokestop,-37.81424,144.956376
Pokestop,-37.814247,144.957133
Pokestop,-37.814262,144.959158
Pokestop,-37.81427,144.987947
Pokestop,-37.814277,144.962641
Pokestop,-37.81429,144.993949
Pokestop,-37.814291,144.945389
Pokestop,-37.814293,144.944966
Pokestop,-37.814314,144.964768
Pokestop,-37.814369,144.985694
Pokestop,-37.814371,144.962332
Pokestop,-37.814386,144.969721
Pokestop,-37.814391,144.974711
Pokestop,-37.814399,144.969022
Pokestop,-37.814445,144.957809
Pokestop,-37.814478,144.955119
Pokestop,-37.814493,144.966294
Pokestop,-37.814605,144.967554
Pokestop,-37.81462,144.973475
Pokestop,-37.814627,144.960761
Pokestop,-37.814672,144.989199
Pokestop,-37.814716,144.964956
Pokestop,-37.81472,144.958674
Pokestop,-37.814724,144.957355
Pokestop,-37.814727,144.970489
Pokestop,-37.814734,144.955092
Pokestop,-37.814779,144.963282
Pokestop,-37.814858,144.968314
Pokestop,-37.814895,144.940267
Pokestop,-37.814912,144.972111
Pokestop,-37.814933,144.942182
Pokestop,-37.814959,144.96172
Pokestop,-37.814969,144.939638
Pokestop,-37.815003,144.969554
Pokestop,-37.815055,144.973591
Pokestop,-37.815061,144.971052
Pokestop,-37.815068,144.967432
Pokestop,-37.815082,144.993352
Pokestop,-37.815088,144.969352
Pokestop,-37.815099,144.941573
Pokestop,-37.815114,144.966514
Pokestop,-37.815118,144.971522
Pokestop,-37.815127,144.959688
Pokestop,-37.815192,144.963938
Pokestop,-37.815205,144.968117
Pokestop,-37.815262,144.977603
Pokestop,-37.81527,144.976577
Pokestop,-37.81529,144.947732
Pokestop,-37.815292,144.947113
Pokestop,-37.815295,144.986288
Pokestop,-37.815321,144.961714
Pokestop,-37.815323,144.939297
Pokestop,-37.815367,144.960654
Pokestop,-37.81541,144.968921
Pokestop,-37.815413,144.970163
Pokestop,-37.81542,144.96741
Pokestop,-37.815427,144.953057
Pokestop,-37.815428,144.94495
Pokestop,-37.815436,144.962426
Pokestop,-37.815438,144.964664
Pokestop,-37.815468,144.94582
Pokestop,-37.81547,144.954817
Pokestop,-37.815471,144.955738
Pokestop,-37.815476,144.945378
Pokestop,-37.815484,144.946711
Pokestop,-37.815499,144.969516
Pokestop,-37.815507,144.966138
Pokestop,-37.815593,144.96696
Pokestop,-37.815594,144.965833
Pokestop,-37.815596,144.963641
Pokestop,-37.815642,144.963996
Pokestop,-37.81567,144.955499
Pokestop,-37.815678,144.957526
Pokestop,-37.815765,144.959121
Pokestop,-37.815772,144.939505
Pokestop,-37.815786,144.96517
Pokestop,-37.815834,144.953981
Pokestop,-37.815857,144.953421
Pokestop,-37.815879,144.965641
Pokestop,-37.815883,144.962039
Pokestop,-37.815916,144.954915
Pokestop,-37.815932,144.969033
Pokestop,-37.815974,144.964286
Pokestop,-37.816043,144.961411
Pokestop,-37.816051,144.968316
Pokestop,-37.816065,144.966199
Pokestop,-37.816111,144.967222
Pokestop,-37.816141,144.963662
Pokestop,-37.816165,144.957045
Pokestop,-37.816224,144.963317
Pokestop,-37.816242,144.960284
Pokestop,-37.816332,144.95664
Pokestop,-37.816333,144.961563
Pokestop,-37.816336,144.96113
Pokestop,-37.816345,144.958838
Pokestop,-37.816348,144.985881
Pokestop,-37.816373,144.968757
Pokestop,-37.816391,144.96304
Pokestop,-37.816415,144.967085
Pokestop,-37.816462,144.965299
Pokestop,-37.816464,144.956361
Pokestop,-37.816469,144.953254
Pokestop,-37.816497,144.944524
Pokestop,-37.816535,144.954753
Pokestop,-37.816539,144.948853
Pokestop,-37.816569,144.970026
Pokestop,-37.81658,144.988032
Pokestop,-37.816651,144.961876
Pokestop,-37.816694,144.955104
Pokestop,-37.816732,144.962618
Pokestop,-37.816787,144.943682
Pokestop,-37.816795,144.96041
Pokestop,-37.816814,144.953717
Pokestop,-37.816815,144.965998
Pokestop,-37.816819,144.958209
Pokestop,-37.816827,144.944937
Pokestop,-37.816882,144.98514
Pokestop,-37.816892,144.945437
Pokestop,-37.816944,144.965277
Pokestop,-37.816956,144.967494
Pokestop,-37.816975,144.964272
Pokestop,-37.817,144.969866
Pokestop,-37.817017,144.95619
Pokestop,-37.817039,144.989556
Pokestop,-37.817053,144.960729
Pokestop,-37.817055,144.958985
Pokestop,-37.817065,144.968068
Pokestop,-37.817094,144.956859
Pokestop,-37.817136,144.952991
Pokestop,-37.817144,144.945306
Pokestop,-37.817158,144.967591
Pokestop,-37.817176,144.946197
Pokestop,-37.817177,144.961536
Pokestop,-37.817198,144.948716
Pokestop,-37.817213,144.959698
Pokestop,-37.817268,144.957183
Pokestop,-37.817291,144.968857
Pokestop,-37.817304,144.990562
Pokestop,-37.817333,144.96581
Pokestop,-37.817344,144.964755
Pokestop,-37.817378,144.967248
Pokestop,-37.817395,144.963803
Pokestop,-37.817408,144.960403
Pokestop,-37.817443,144.970102
Pokestop,-37.817444,144.962072
Pokestop,-37.81745,144.949753
Pokestop,-37.817477,144.961554
Pokestop,-37.817508,144.955407
Pokestop,-37.81753,144.968852
Pokestop,-37.817547,144.954847
Pokestop,-37.817591,144.963408
Pokestop,-37.817592,144.991131
Pokestop,-37.817594,144.973399
Pokestop,-37.8176,144.958812
Pokestop,-37.817606,144.96046
Pokestop,-37.817632,144.964597
Pokestop,-37.817686,144.959795
Pokestop,-37.817691,144.96618
Pokestop,-37.817718,144.996075
Pokestop,-37.817733,144.992827
Pokestop,-37.817745,144.96782
Pokestop,-37.817747,144.954266
Pokestop,-37.817749,144.948706
Pokestop,-37.817807,144.965803
Pokestop,-37.817848,144.945776
Pokestop,-37.817887,144.992145
Pokestop,-37.817898,144.994119
Pokestop,-37.817922,144.95392
Pokestop,-37.817948,144.98347
Pokestop,-37.817966,144.968722
Pokestop,-37.817975,144.947868
Pokestop,-37.818013,144.970342
Pokestop,-37.818017,144.949111
Pokestop,-37.818017,144.962408
Pokestop,-37.818024,144.958232
Pokestop,-37.818055,144.961901
Pokestop,-37.818135,144.966043
Pokestop,-37.818148,144.961454
Pokestop,-37.818168,144.994512
Pokestop,-37.81819,144.958579
Pokestop,-37.818196,144.99687
Pokestop,-37.8182,144.996506
Pokestop,-37.818229,144.946614
Pokestop,-37.818257,144.995799
Pokestop,-37.818276,144.968925
Pokestop,-37.818281,144.967251
Pokestop,-37.818283,144.94739
Pokestop,-37.81831,144.973179
Pokestop,-37.818322,144.997513
Pokestop,-37.818334,144.954049
Pokestop,-37.81835,144.956148
Pokestop,-37.818386,144.972334
Pokestop,-37.81839,144.971334
Pokestop,-37.818398,144.959676
Pokestop,-37.818422,144.945724
Pokestop,-37.818431,144.999021
Pokestop,-37.818439,144.971785
Pokestop,-37.818441,144.963684
Pokestop,-37.818485,144.960351
Pokestop,-37.818501,144.999373
Pokestop,-37.818514,144.944177
Pokestop,-37.818519,144.997785
Pokestop,-37.818525,144.955565
Pokestop,-37.81853,144.97449
Pokestop,-37.818552,144.968714
Pokestop,-37.818591,144.957381
Pokestop,-37.818596,144.969867
Pokestop,-37.818611,144.971944
Pokestop,-37.818641,144.95932
Pokestop,-37.818645,144.948802
Pokestop,-37.818656,144.967809
Pokestop,-37.818746,144.954773
Pokestop,-37.818749,144.974041
Pokestop,-37.818754,144.983735
Pokestop,-37.818758,144.960595
Pokestop,-37.818765,144.963453
Pokestop,-37.818766,144.948177
Pokestop,-37.818793,144.957006
Pokestop,-37.818817,144.945043
Pokestop,-37.818856,144.97314
Pokestop,-37.818874,144.984829
Pokestop,-37.818877,144.984416
Pokestop,-37.818901,144.966932
Pokestop,-37.818912,144.95746
Pokestop,-37.818933,144.946166
Pokestop,-37.818946,144.972908
Pokestop,-37.818948,144.961817
Pokestop,-37.818968,144.958301
Pokestop,-37.818971,144.94287
Pokestop,-37.819002,144.9627
Pokestop,-37.819112,144.968037
Pokestop,-37.81914,144.995646
Pokestop,-37.8192,144.946994
Pokestop,-37.819242,144.960437
Pokestop,-37.819273,144.946496
Pokestop,-37.819282,144.958816
Pokestop,-37.819291,144.964421
Pokestop,-37.819334,144.942526
Pokestop,-37.819357,144.959654
Pokestop,-37.819382,144.96018
Pokestop,-37.819479,144.963431
Pokestop,-37.819479,144.965142
Pokestop,-37.819522,144.998473
Pokestop,-37.819538,144.989755
Pokestop,-37.819552,144.971833
Pokestop,-37.819625,144.94494
Pokestop,-37.819657,144.999104
Pokestop,-37.819684,144.968672
Pokestop,-37.81971,144.957117
Pokestop,-37.819735,144.971275
Pokestop,-37.819748,144.967961
Pokestop,-37.819852,144.968364
Pokestop,-37.819859,144.964993
Pokestop,-37.81988,144.961699
Pokestop,-37.819891,144.967141
Pokestop,-37.819924,144.985092
Pokestop,-37.819947,144.97314
Pokestop,-37.819947,144.975417
Pokestop,-37.819974,144.965921
Pokestop,-37.819983,144.987332
Pokestop,-37.820029,144.959926
Pokestop,-37.820051,144.966155
Pokestop,-37.820055,144.961045
Pokestop,-37.820085,144.968853
Pokestop,-37.820102,144.959633
Pokestop,-37.820132,144.944808
Pokestop,-37.820163,144.947952
Pokestop,-37.820219,144.942929
Pokestop,-37.820232,144.946314
Pokestop,-37.820233,144.960698
Pokestop,-37.820267,144.975857
Pokestop,-37.820298,144.973466
Pokestop,-37.820338,144.959452
Pokestop,-37.820412,144.958756
Pokestop,-37.820431,144.945361
Pokestop,-37.820471,144.96426
Pokestop,-37.820522,144.940968
Pokestop,-37.820529,144.985045
Pokestop,-37.820622,144.968371
Pokestop,-37.820624,144.963072
Pokestop,-37.82064,144.963508
Pokestop,-37.820757,144.984846
Pokestop,-37.820778,144.967078
Pokestop,-37.820779,144.962655
Pokestop,-37.820814,144.972773
Pokestop,-37.820865,144.94639
Pokestop,-37.820898,144.965732
Pokestop,-37.82091,144.966547
Pokestop,-37.820913,144.96173
Pokestop,-37.820927,144.964419
Pokestop,-37.821022,144.945308
Pokestop,-37.821076,144.968247
Pokestop,-37.821105,144.961116
Pokestop,-37.82114,144.962203
Pokestop,-37.821154,144.984132
Pokestop,-37.821159,144.97609
Pokestop,-37.821162,144.972935
Pokestop,-37.821163,144.968809
Pokestop,-37.82118,144.933799
Pokestop,-37.821203,144.944827
Pokestop,-37.821211,144.94422
Pokestop,-37.821253,144.983753
Pokestop,-37.821287,144.964616
Pokestop,-37.821473,144.984047
Pokestop,-37.821489,144.973861
Pokestop,-37.82152,144.977466
Pokestop,-37.821562,144.987122
Pokestop,-37.821601,144.984954
Pokestop,-37.821622,144.968034
Pokestop,-37.821628,144.946279
Pokestop,-37.821715,144.944584
Pokestop,-37.821729,144.949175
Pokestop,-37.821741,144.947259
Pokestop,-37.821764,144.974792
Pokestop,-37.821805,144.968482
Pokestop,-37.821832,144.968981
Pokestop,-37.821834,144.972473
Pokestop,-37.821905,144.969842
Pokestop,-37.821929,144.973906
Pokestop,-37.821942,144.946862
Pokestop,-37.821952,144.975252
Pokestop,-37.822017,144.967973
Pokestop,-37.822088,144.944738
Pokestop,-37.822116,144.966759
Pokestop,-37.822195,144.976884
Pokestop,-37.822232,144.970846
Pokestop,-37.822421,144.98703
Pokestop,-37.822456,144.965871
Pokestop,-37.822475,144.969353
Pokestop,-37.822493,144.945843
Pokestop,-37.822576,144.962486
Pokestop,-37.82259,144.993611
Pokestop,-37.822592,144.940213
Pokestop,-37.822597,144.974014
Pokestop,-37.822662,144.967992
Pokestop,-37.822663,144.972308
Pokestop,-37.82267,144.947823
Pokestop,-37.822739,144.966691
Pokestop,-37.822748,144.970515
Pokestop,-37.82277,144.98716
Pokestop,-37.822802,144.949357
Pokestop,-37.822868,144.968394
Pokestop,-37.822881,144.966256
Pokestop,-37.823039,144.976208
Pokestop,-37.823086,144.967995
Pokestop,-37.823179,144.991903
Pokestop,-37.823287,144.964758
Pokestop,-37.823288,144.994256
Pokestop,-37.823313,144.988643
Pokestop,-37.823326,144.993482
Pokestop,-37.823351,144.992863
Pokestop,-37.823406,144.98926
Pokestop,-37.823481,144.974647
Pokestop,-37.823488,144.989684
Pokestop,-37.823567,144.969855
Pokestop,-37.823571,144.966513
Pokestop,-37.823596,144.947311
Pokestop,-37.8237,144.967113
Pokestop,-37.823768,144.96766
Pokestop,-37.823803,144.973784
Pokestop,-37.823819,144.969971
Pokestop,-37.823844,144.97542
Pokestop,-37.823901,144.968299
Pokestop,-37.824047,144.97417
Pokestop,-37.824047,144.992924
Pokestop,-37.824067,144.990155
Pokestop,-37.8241,144.962779
Pokestop,-37.824137,144.99524
Pokestop,-37.824138,144.97016
Pokestop,-37.824163,144.984177
Pokestop,-37.824183,144.967337
Pokestop,-37.824195,144.969762
Pokestop,-37.82426,144.970996
Pokestop,-37.824283,144.991515
Pokestop,-37.824288,144.973185
Pokestop,-37.824289,144.984834
Pokestop,-37.824317,144.977468
Pokestop,-37.824345,144.974415
Pokestop,-37.824361,144.985403
Pokestop,-37.824425,144.976966
Pokestop,-37.824443,144.986426
Pokestop,-37.824451,144.992849
Pokestop,-37.824591,144.949254
Pokestop,-37.824613,144.963471
Pokestop,-37.82464,144.972259
Pokestop,-37.824651,144.945689
Pokestop,-37.824693,144.968432
Pokestop,-37.824735,144.990602
Pokestop,-37.824741,144.970326
Pokestop,-37.82478,144.971132
Pokestop,-37.824809,144.947319
Pokestop,-37.82482,144.991152
Pokestop,-37.824905,144.992377
Pokestop,-37.824961,144.945667
Pokestop,-37.824993,144.951205
Pokestop,-37.825023,144.969998
Pokestop,-37.825024,144.967108
Pokestop,-37.825072,144.992123
Pokestop,-37.825081,144.993496
Pokestop,-37.825111,144.998307
Pokestop,-37.825123,144.989518
Pokestop,-37.825204,144.970506
Pokestop,-37.82522,144.968018
Pokestop,-37.825235,144.995241
Pokestop,-37.825247,144.976364
Pokestop,-37.825255,144.993029
Pokestop,-37.825264,144.950647
Pokestop,-37.825272,144.96933
Pokestop,-37.825278,144.991512
Pokestop,-37.825304,144.997002
Pokestop,-37.825311,144.97159
Pokestop,-37.825365,144.995877
Pokestop,-37.825367,144.994136
Pokestop,-37.82544,144.994918
Pokestop,-37.825458,144.966628
Pokestop,-37.825483,144.990336
Pokestop,-37.825506,144.975998
Pokestop,-37.825572,144.991123
Pokestop,-37.825626,144.966569
Pokestop,-37.825649,144.976611
Pokestop,-37.825659,144.967871
Pokestop,-37.825724,144.975238
Pokestop,-37.825784,144.998076
Pokestop,-37.825791,144.995108
Pokestop,-37.825851,144.9926
Pokestop,-37.825875,144.96873
Pokestop,-37.825924,144.971837
Pokestop,-37.825928,144.994016
Pokestop,-37.826046,144.984294
Pokestop,-37.826059,144.991668
Pokestop,-37.826066,144.966779
Pokestop,-37.826101,144.992958
Pokestop,-37.826124,144.995695
Pokestop,-37.826171,144.991073
Pokestop,-37.826239,144.986016
Pokestop,-37.826311,144.994224
Pokestop,-37.82635,144.99712
Pokestop,-37.826421,144.998478
Pokestop,-37.826441,144.993263
Pokestop,-37.826627,145.001163
Pokestop,-37.826631,144.996918
Pokestop,-37.826646,145.000555
Pokestop,-37.826658,144.970013
Pokestop,-37.826666,144.971912
Pokestop,-37.826703,144.971036
Pokestop,-37.826724,144.967183
Pokestop,-37.826735,144.992724
Pokestop,-37.826877,144.920657
Pokestop,-37.826901,144.967028
Pokestop,-37.827027,144.966451
Pokestop,-37.827114,144.971055
Pokestop,-37.827154,144.99343
Pokestop,-37.827172,144.984412
Pokestop,-37.82718,144.993688
Pokestop,-37.827344,144.985232
Pokestop,-37.827408,144.965938
Pokestop,-37.827435,144.969196
Pokestop,-37.82747,144.991129
Pokestop,-37.827569,144.970311
Pokestop,-37.827574,144.969801
Pokestop,-37.827689,144.997455
Pokestop,-37.827705,144.971962
Pokestop,-37.827718,144.971011
Pokestop,-37.827851,144.993242
Pokestop,-37.827936,144.990741
Pokestop,-37.828047,144.972158
Pokestop,-37.828052,144.988519
Pokestop,-37.828096,144.970261
Pokestop,-37.8281,144.969975
Pokestop,-37.828255,144.995504
Pokestop,-37.828417,144.984722
Pokestop,-37.828669,144.997313
Pokestop,-37.828779,144.993201
Pokestop,-37.828816,144.984251
Pokestop,-37.82883,145.00123
Pokestop,-37.828929,144.941364
Pokestop,-37.828962,144.965557
Pokestop,-37.829018,144.994734
Pokestop,-37.829057,144.963875
Pokestop,-37.829102,144.952306
Pokestop,-37.829214,144.954833
Pokestop,-37.829327,144.954169
Pokestop,-37.829375,144.983337
Pokestop,-37.829383,145.00113
Pokestop,-37.829433,144.997415
Pokestop,-37.829464,144.997992
Pokestop,-37.829505,144.971772
Pokestop,-37.829568,144.947729
Pokestop,-37.829587,144.994548
Pokestop,-37.829624,144.990414
Pokestop,-37.829689,144.971017
Pokestop,-37.829802,144.997092
Pokestop,-37.829832,144.991642
Pokestop,-37.829871,144.995685
Pokestop,-37.829991,144.969129
Pokestop,-37.830034,144.954098
Pokestop,-37.830065,144.971597
Pokestop,-37.830068,144.973118
Pokestop,-37.830103,144.972657
Pokestop,-37.830136,144.970103
Pokestop,-37.830226,144.993274
Pokestop,-37.830286,144.96644
Pokestop,-37.830312,144.971027
Pokestop,-37.8304,144.995798
Pokestop,-37.830612,144.969327
Pokestop,-37.830672,144.972139
Pokestop,-37.83069,144.962506
Pokestop,-37.830702,144.954217
Pokestop,-37.830724,144.960617
Pokestop,-37.830782,144.972574
Pokestop,-37.830812,144.997442
Pokestop,-37.830827,144.960295
Pokestop,-37.83087,144.968387
Pokestop,-37.830956,144.974564
Pokestop,-37.830964,144.959332
Pokestop,-37.831004,144.988139
Pokestop,-37.831004,145.00325
Pokestop,-37.831071,144.973309
Pokestop,-37.831103,144.958868
Pokestop,-37.831139,144.972127
Pokestop,-37.831185,144.971065
Pokestop,-37.831204,144.950315
Pokestop,-37.831278,144.9604
Pokestop,-37.831283,144.9733
Pokestop,-37.831298,144.976633
Pokestop,-37.831373,144.966948
Pokestop,-37.831382,144.97389
Pokestop,-37.831395,144.972334
Pokestop,-37.831418,144.959702
Pokestop,-37.831481,144.974503
Pokestop,-37.831542,144.942087
Pokestop,-37.831614,144.995576
Pokestop,-37.831615,144.975053
Pokestop,-37.831647,144.96992
Pokestop,-37.831694,144.989059
Pokestop,-37.831725,144.975742
Pokestop,-37.831812,144.962321
Pokestop,-37.831821,144.97229
Pokestop,-37.831849,144.971241
Pokestop,-37.831917,144.961571
Pokestop,-37.831921,144.973371
Pokestop,-37.832017,144.97399
Pokestop,-37.832081,144.984015
Pokestop,-37.832091,144.991725
Pokestop,-37.832099,144.974655
Pokestop,-37.832119,145.002365
Pokestop,-37.832237,144.97548
Pokestop,-37.832238,144.969772
Pokestop,-37.832288,144.994776
Pokestop,-37.832308,144.991773
Pokestop,-37.832373,144.972811
Pokestop,-37.832389,144.961465
Pokestop,-37.832409,144.996852
Pokestop,-37.832422,144.974083
Pokestop,-37.832575,144.983344
Pokestop,-37.832586,144.965948
Pokestop,-37.832592,144.943347
Pokestop,-37.832611,144.926186
Pokestop,-37.832646,144.971509
Pokestop,-37.832657,144.974571
Pokestop,-37.832696,144.973274
Pokestop,-37.832723,144.973721
Pokestop,-37.83283,145.003267
Pokestop,-37.832837,145.002266
Pokestop,-37.832927,144.962265
Pokestop,-37.832955,145.002903
Pokestop,-37.832984,144.971963
Pokestop,-37.833011,144.990899
Pokestop,-37.833065,144.996843
Pokestop,-37.833123,144.975459
Pokestop,-37.833186,145.002499
Pokestop,-37.833231,144.955336
Pokestop,-37.8333,144.943348
Pokestop,-37.833337,145.001458
Pokestop,-37.833384,144.975971
Pokestop,-37.833423,144.972439
Pokestop,-37.833593,144.9964
Pokestop,-37.83365,144.955443
Pokestop,-37.833675,145.002776
Pokestop,-37.833787,144.972987
Pokestop,-37.833788,144.967121
Pokestop,-37.833834,144.97157
Pokestop,-37.833839,144.965267
Pokestop,-37.833843,144.961675
Pokestop,-37.833872,144.952078
Pokestop,-37.833977,144.952446
Pokestop,-37.833992,144.97139
Pokestop,-37.833999,144.996488
Pokestop,-37.834051,144.941305
Pokestop,-37.83426,144.940256
Pokestop,-37.834268,144.944389
Pokestop,-37.834482,144.972531
Pokestop,-37.834553,144.964403
Pokestop,-37.834625,144.956618
Pokestop,-37.834637,144.9659
Pokestop,-37.834664,144.94069
Pokestop,-37.834769,145.002686
Pokestop,-37.834783,144.946003
Pokestop,-37.8348,145.005216
Pokestop,-37.834857,144.975174
Pokestop,-37.834866,144.97367
Pokestop,-37.834987,144.970264
Pokestop,-37.835078,144.996608
Pokestop,-37.8351,144.977034
Pokestop,-37.835161,144.958357
Pokestop,-37.835199,144.974637
Pokestop,-37.835202,144.96131
Pokestop,-37.835438,144.973357
Pokestop,-37.835555,144.958149
Pokestop,-37.835634,144.953648
Pokestop,-37.835764,144.975706
Pokestop,-37.835768,144.92998
Pokestop,-37.835821,144.975074
Pokestop,-37.835906,144.942609
Pokestop,-37.836041,144.929649
Pokestop,-37.836244,144.92418
Pokestop,-37.836247,144.950522
Pokestop,-37.836348,144.964803
Pokestop,-37.836388,144.976484
Pokestop,-37.836458,145.004417
Pokestop,-37.83665,144.940351
Pokestop,-37.836658,144.928819
Pokestop,-37.836724,144.930744
Pokestop,-37.83675,144.957635
Pokestop,-37.83678,145.005226
Pokestop,-37.836789,144.920383
Pokestop,-37.836807,145.002802
Pokestop,-37.836813,144.97406
Pokestop,-37.83684,144.936758
Pokestop,-37.836982,145.00327
Pokestop,-37.837017,145.004766
Pokestop,-37.837018,144.937546
Pokestop,-37.837034,144.965761
Pokestop,-37.837047,144.975459
Pokestop,-37.837111,144.997857
Pokestop,-37.837163,144.963245
Pokestop,-37.837196,145.004
Pokestop,-37.837213,144.935078
Pokestop,-37.837239,144.917832
Pokestop,-37.83733,144.924035
Pokestop,-37.83734,144.977761
Pokestop,-37.837641,144.975652
Pokestop,-37.837665,144.967608
Pokestop,-37.837768,144.919945
Pokestop,-37.837883,144.98163
Pokestop,-37.837893,144.960322
Pokestop,-37.837912,144.919724
Pokestop,-37.837925,144.994766
Pokestop,-37.837948,144.941411
Pokestop,-37.838011,144.995324
Pokestop,-37.838079,144.980211
Pokestop,-37.838305,144.959779
Pokestop,-37.838335,144.928606
Pokestop,-37.838424,144.994937
Pokestop,-37.838496,144.929617
Pokestop,-37.838496,144.960484
Pokestop,-37.838548,144.967602
Pokestop,-37.838548,144.974945
Pokestop,-37.838611,144.963347
Pokestop,-37.838621,144.955455
Pokestop,-37.838624,144.99593
Pokestop,-37.838868,144.996587
Pokestop,-37.838873,144.945093
Pokestop,-37.838875,144.966758
Pokestop,-37.839057,144.980527
Pokestop,-37.83916,144.996228
Pokestop,-37.839236,144.941898
Pokestop,-37.839273,144.976267
Pokestop,-37.839311,144.963664
Pokestop,-37.839357,144.995486
Pokestop,-37.839362,144.943988
Pokestop,-37.839369,144.952879
Pokestop,-37.839373,144.918811
Pokestop,-37.839382,144.954572
Pokestop,-37.83947,144.965262
Pokestop,-37.839509,144.922743
Pokestop,-37.839537,145.005114
Pokestop,-37.839687,144.996288
Pokestop,-37.839727,144.917146
Pokestop,-37.839765,144.998848
Pokestop,-37.839781,144.941561
Pokestop,-37.8399,144.981577
Pokestop,-37.839997,144.939129
Pokestop,-37.840101,144.999457
Pokestop,-37.840159,144.927042
Pokestop,-37.84019,144.976629
Pokestop,-37.840231,144.963843
Pokestop,-37.840319,145.008841
Pokestop,-37.840354,144.936868
Pokestop,-37.840376,144.94497
Pokestop,-37.840379,144.940522
Pokestop,-37.840439,144.979979
Pokestop,-37.840456,144.962646
Pokestop,-37.840518,145.004845
Pokestop,-37.840693,144.97502
Pokestop,-37.840801,144.954915
Pokestop,-37.840862,144.965287
Pokestop,-37.840914,144.938293
Pokestop,-37.84095,144.937708
Pokestop,-37.841001,144.946281
Pokestop,-37.841006,144.961337
Pokestop,-37.84102,145.008662
Pokestop,-37.841029,144.995159
Pokestop,-37.84103,145.008991
Pokestop,-37.841038,145.007715
Pokestop,-37.841118,144.932286
Pokestop,-37.841181,144.962997
Pokestop,-37.84124,144.9561
Pokestop,-37.8413,145.010058
Pokestop,-37.841521,144.945555
Pokestop,-37.84154,144.977782
Pokestop,-37.841564,144.941212
Pokestop,-37.841598,144.942675
Pokestop,-37.841618,144.934107
Pokestop,-37.841721,144.926531
Pokestop,-37.841766,144.93498
Pokestop,-37.841771,144.971247
Pokestop,-37.841887,144.964724
Pokestop,-37.841891,144.926939
Pokestop,-37.8419,144.94715
Pokestop,-37.841924,144.964089
Pokestop,-37.842008,144.946363
Pokestop,-37.842083,144.935644
Pokestop,-37.842416,144.977399
Pokestop,-37.842492,144.984311
Pokestop,-37.842533,144.975696
Pokestop,-37.842551,144.998706
Pokestop,-37.84256,144.962619
Pokestop,-37.842591,144.952683
Pokestop,-37.842595,144.93179
Pokestop,-37.842635,144.994741
Pokestop,-37.842691,144.993996
Pokestop,-37.842709,144.996985
Pokestop,-37.842749,144.946332
Pokestop,-37.842802,144.947516
Pokestop,-37.842924,144.953798
Pokestop,-37.842993,144.944748
Pokestop,-37.843019,144.938525
Pokestop,-37.843035,144.937381
Pokestop,-37.843098,144.996555
Pokestop,-37.843123,144.945705
Pokestop,-37.843137,144.981507
Pokestop,-37.843165,144.946764
Pokestop,-37.843191,144.981978
Pokestop,-37.843292,144.937891
Pokestop,-37.84332,144.99123
Pokestop,-37.843328,144.962187
Pokestop,-37.843392,144.978584
Pokestop,-37.843426,144.946788
Pokestop,-37.843446,144.94648
Pokestop,-37.843503,144.984335
Pokestop,-37.843764,144.9942
Pokestop,-37.843849,144.97859
Pokestop,-37.84391,144.995392
Pokestop,-37.843934,144.944479
Pokestop,-37.844017,144.951444
Pokestop,-37.844065,144.993179
Pokestop,-37.844124,144.993564
Pokestop,-37.844204,144.989746
Pokestop,-37.844221,144.97888
Pokestop,-37.844271,144.997067
Pokestop,-37.84435,144.944171
Pokestop,-37.844473,144.931156
Pokestop,-37.844513,144.999861
Pokestop,-37.844523,144.994436
Pokestop,-37.844618,145.002463
Pokestop,-37.844712,144.950957
Pokestop,-37.844713,144.995294
Pokestop,-37.844888,145.003063
Pokestop,-37.845025,144.993285
Pokestop,-37.845044,144.99762
Pokestop,-37.84524,144.993976
Pokestop,-37.845274,144.994293
Pokestop,-37.845327,145.00883
Pokestop,-37.845434,144.96614
Pokestop,-37.845486,144.999686
Pokestop,-37.84563,144.993575
Pokestop,-37.845704,144.985858
Pokestop,-37.845898,144.9931
Pokestop,-37.845928,144.967165
Pokestop,-37.845961,144.996419
Pokestop,-37.845977,144.98793
Pokestop,-37.846005,144.982458
Pokestop,-37.846006,144.986799
Pokestop,-37.846033,144.98204
Pokestop,-37.846038,144.998322
Pokestop,-37.846137,144.982897
Pokestop,-37.846157,144.979533
Pokestop,-37.84619,144.988284
Pokestop,-37.846199,144.982626
Pokestop,-37.846234,144.975723
Pokestop,-37.846337,144.983333
Pokestop,-37.84634,144.97702
Pokestop,-37.846378,144.990966
Pokestop,-37.846559,144.99244
Pokestop,-37.846588,144.966077
Pokestop,-37.846615,144.992949
Pokestop,-37.846628,144.991769
Pokestop,-37.846944,144.980432
Pokestop,-37.846962,144.978262
Pokestop,-37.846987,144.979831
Pokestop,-37.847011,144.994548
Pokestop,-37.847077,144.993109
Pokestop,-37.84709,144.996913
Pokestop,-37.847144,144.979064
Pokestop,-37.847201,144.978557
Pokestop,-37.847201,144.979172
Pokestop,-37.847294,144.995414
Pokestop,-37.847345,144.998422
Pokestop,-37.847433,144.992003
Pokestop,-37.847479,144.995632
Pokestop,-37.84748,144.997857
Pokestop,-37.847505,144.982138
Pokestop,-37.847567,144.996403
Pokestop,-37.847575,144.998597
Pokestop,-37.847628,144.991516
Pokestop,-37.847671,144.970036
Pokestop,-37.847721,144.984316
Pokestop,-37.847725,145.003156
Pokestop,-37.84775,144.983395
Pokestop,-37.847796,144.99353
Pokestop,-37.847805,144.968154
Pokestop,-37.847846,144.981482
Pokestop,-37.847879,144.995026
Pokestop,-37.847954,144.980236
Pokestop,-37.84801,145.003294
Pokestop,-37.848057,144.979345
Pokestop,-37.848074,144.965474
Pokestop,-37.848136,144.982284
Pokestop,-37.848243,144.983154
Pokestop,-37.848275,144.967141
Pokestop,-37.848292,144.994998
Pokestop,-37.848416,144.984423
Pokestop,-37.848423,144.966762
Pokestop,-37.84871,144.993913
Pokestop,-37.848746,144.991092
Pokestop,-37.848749,144.974278
Pokestop,-37.84875,144.990252
Pokestop,-37.84879,144.987252
Pokestop,-37.849018,144.993166
Pokestop,-37.849027,144.995797
Pokestop,-37.849088,144.965458
Pokestop,-37.849115,144.993916
Pokestop,-37.849143,144.992823
Pokestop,-37.84916,144.990004
Pokestop,-37.849166,144.991351
Pokestop,-37.849216,144.967625
Pokestop,-37.849399,144.996452
Pokestop,-37.849426,144.980003
Pokestop,-37.849447,144.992332
Pokestop,-37.849484,144.965301
Pokestop,-37.84954,144.97661
Pokestop,-37.849555,144.993038
Pokestop,-37.849609,144.968794
Pokestop,-37.849623,144.968231
Pokestop,-37.849681,144.972797
Pokestop,-37.849705,144.991781
Pokestop,-37.849759,144.982108
Pokestop,-37.849797,144.997077
Pokestop,-37.849798,144.962008
Pokestop,-37.84981,144.965017
Pokestop,-37.849899,144.965627
Pokestop,-37.849931,144.99192
Pokestop,-37.850037,144.980719
Pokestop,-37.850068,144.996818
Pokestop,-37.850259,144.99526
Pokestop,-37.850304,144.977015
Pokestop,-37.850378,144.969783
Pokestop,-37.850525,144.996409
Pokestop,-37.850541,144.995396
Pokestop,-37.850551,145.001009
Pokestop,-37.850643,144.994861
Pokestop,-37.850667,144.993135
Pokestop,-37.850739,145.001205
Pokestop,-37.850744,144.986582
Pokestop,-37.850762,144.989899
Pokestop,-37.850763,144.969001
Pokestop,-37.850796,144.991748
Pokestop,-37.850851,144.980432
Pokestop,-37.85086,144.993777
Pokestop,-37.850983,144.987313
Pokestop,-37.851008,144.984271
Pokestop,-37.851066,144.989513
Pokestop,-37.851071,144.990367
Pokestop,-37.851339,144.988629
Pokestop,-37.851352,144.978764
Pokestop,-37.851422,144.971511
Pokestop,-37.851491,144.96998
Pokestop,-37.851656,144.992682
Pokestop,-37.851659,144.990881
Pokestop,-37.85171,144.980786
Pokestop,-37.851745,144.991807
Pokestop,-37.851757,144.993247
Pokestop,-37.851956,144.994766
Pokestop,-37.851959,144.995131
Pokestop,-37.852008,144.977974
Pokestop,-37.852189,145.000601
Pokestop,-37.852199,144.994135
Pokestop,-37.852231,144.993444
Pokestop,-37.852273,144.981772
Pokestop,-37.852391,144.996591
Pokestop,-37.852411,144.998132
Pokestop,-37.852465,144.992778
Pokestop,-37.852509,144.975828
Pokestop,-37.852514,144.992154
Pokestop,-37.852539,144.993063
Pokestop,-37.852548,144.974347
Pokestop,-37.852557,144.997804
Pokestop,-37.852688,145.000125
Pokestop,-37.852757,144.996132
Pokestop,-37.85281,144.981926
Pokestop,-37.852823,144.972211
Pokestop,-37.852988,145.000592
Pokestop,-37.85308,144.991821
Pokestop,-37.853087,145.001826
Pokestop,-37.853162,144.992616
Pokestop,-37.853167,144.986198
Pokestop,-37.853237,144.976903
Pokestop,-37.853307,145.00325
Pokestop,-37.853417,144.993483
Pokestop,-37.853492,144.974772
Pokestop,-37.853626,144.992181
Pokestop,-37.853708,144.996295
Pokestop,-37.853738,144.988058
Pokestop,-37.853784,144.982261
Pokestop,-37.853863,144.977356
Pokestop,-37.854115,144.983802
Pokestop,-37.854186,144.980698
Pokestop,-37.854235,144.981798
Pokestop,-37.854283,144.992984
Pokestop,-37.854286,144.993487
Pokestop,-37.854292,144.992254
Pokestop,-37.854368,144.990844
Pokestop,-37.854399,144.982529
Pokestop,-37.854492,144.990731
Pokestop,-37.854507,144.992002
Pokestop,-37.854682,144.991607
Pokestop,-37.854721,144.977991
Pokestop,-37.854744,144.99007
Pokestop,-37.854783,144.988219
Pokestop,-37.854786,144.99398
Pokestop,-37.854859,144.983706
Pokestop,-37.854861,144.981341
Pokestop,-37.854882,144.976292
Pokestop,-37.854997,144.975796
Pokestop,-37.855145,144.989002
Pokestop,-37.855202,144.982065
Pokestop,-37.855287,144.982572
Pokestop,-37.855297,144.992816
Pokestop,-37.855317,144.983606
Pokestop,-37.855334,144.993222
Pokestop,-37.85535,144.972173
Pokestop,-37.855397,144.975251
Pokestop,-37.855409,144.992636
Pokestop,-37.855664,144.981959
Pokestop,-37.855745,144.992915
Pokestop,-37.855861,144.982822
Pokestop,-37.855918,144.995842
Pokestop,-37.855924,144.988075
Pokestop,-37.855925,144.994258
Pokestop,-37.855928,145.003957
Pokestop,-37.855966,144.981353
Pokestop,-37.855972,144.991366
Pokestop,-37.855995,144.983604
Pokestop,-37.856087,144.98283
Pokestop,-37.85615,144.997035
Pokestop,-37.856331,144.989845
Pokestop,-37.856464,144.978089
Pokestop,-37.856482,144.984477
Pokestop,-37.85662,144.982248
Pokestop,-37.856904,144.978914
Pokestop,-37.857106,144.990777
Pokestop,-37.857302,144.982225
Pokestop,-37.857379,144.970928
Pokestop,-37.857532,144.988284
Pokestop,-37.857889,144.995427
Pokestop,-37.857955,144.979965
Pokestop,-37.858043,144.992116
Pokestop,-37.858225,144.978057
Pokestop,-37.858353,144.976939
Pokestop,-37.858381,144.993334
Pokestop,-37.858398,144.980295
Pokestop,-37.858501,144.996957
Pokestop,-37.858577,144.992424
Pokestop,-37.858651,144.974581
Pokestop,-37.858675,144.996511
Pokestop,-37.858681,144.988389
Pokestop,-37.858696,144.97961
Pokestop,-37.858703,144.995309
Pokestop,-37.858791,144.974263
Pokestop,-37.858943,144.977378
Pokestop,-37.859153,144.969975
Pokestop,-37.859229,144.993048
Pokestop,-37.859295,144.992289
Pokestop,-37.859309,144.997132
Pokestop,-37.859379,144.995619
Pokestop,-37.859608,144.969547
Pokestop,-37.859638,144.992075
Pokestop,-37.859658,145.003903
Pokestop,-37.859717,144.986037
Pokestop,-37.859821,144.985374
Pokestop,-37.859852,144.978086
Pokestop,-37.859949,144.978932
Pokestop,-37.859994,144.98263
Pokestop,-37.859996,144.993762
Pokestop,-37.860015,144.997008
Pokestop,-37.860031,144.992983
Pokestop,-37.860105,144.978448
Pokestop,-37.860165,144.98277
Pokestop,-37.860327,144.996922
Pokestop,-37.860365,144.978173
Pokestop,-37.860482,144.985451
Pokestop,-37.860636,144.995345
Pokestop,-37.860704,144.978519
Pokestop,-37.861402,145.00177
Pokestop,-37.861619,144.976242
Pokestop,-37.861692,144.973001
Pokestop,-37.86201,144.975344
Pokestop,-37.862012,144.979459
Pokestop,-37.862086,144.9738
Pokestop,-37.862096,144.97295
Pokestop,-37.862444,145.002121
Pokestop,-37.862511,144.978532
Pokestop,-37.862638,144.979734
Pokestop,-37.862834,144.987103
Pokestop,-37.863282,144.976065
Pokestop,-37.863361,144.984827
Pokestop,-37.863716,144.975617
Pokestop,-37.864155,144.983045
Pokestop,-37.864162,144.972694
Pokestop,-37.864285,144.975909
Pokestop,-37.8643,144.984005
Pokestop,-37.864424,144.991176
Pokestop,-37.864513,144.985988
Pokestop,-37.864718,144.987012
Pokestop,-37.864834,144.986125
Pokestop,-37.864885,144.973795
Pokestop,-37.864926,144.983911
Pokestop,-37.864941,144.991228
Pokestop,-37.864997,144.973556
Pokestop,-37.865003,144.976613
Pokestop,-37.865061,144.97294
Pokestop,-37.865081,144.982513
Pokestop,-37.865189,144.989153
Pokestop,-37.865275,144.972229
Pokestop,-37.86529,144.98317
Pokestop,-37.865318,144.988459
Pokestop,-37.865345,144.982525
Pokestop,-37.86541,144.987589
Pokestop,-37.865426,144.99105
Pokestop,-37.865458,144.985543
Pokestop,-37.865612,144.993865
Pokestop,-37.865658,144.986402
Pokestop,-37.865664,144.974606
Pokestop,-37.865701,144.992807
Pokestop,-37.86582,144.983288
Pokestop,-37.865859,144.992134
Pokestop,-37.865862,144.981292
Pokestop,-37.865896,144.986863
Pokestop,-37.865935,144.988375
Pokestop,-37.866135,144.982794
Pokestop,-37.866325,144.980819
Pokestop,-37.866362,144.972861
Pokestop,-37.866396,144.986609
Pokestop,-37.866462,144.975097
Pokestop,-37.866506,144.991799
Pokestop,-37.866517,144.988424
Pokestop,-37.866532,144.973037
Pokestop,-37.866592,144.981445
Pokestop,-37.866734,144.978137
Pokestop,-37.86674,144.973852
Pokestop,-37.867037,144.979236
Pokestop,-37.867077,144.981093
Pokestop,-37.867261,144.976218
Pokestop,-37.867287,144.982796
Pokestop,-37.867355,144.978034
Pokestop,-37.867357,144.978864
Pokestop,-37.867404,144.982
Pokestop,-37.867643,144.978432
Pokestop,-37.867754,144.993573
Pokestop,-37.867781,144.980431
Pokestop,-37.867814,144.976684
Pokestop,-37.867976,144.9796
Pokestop,-37.868143,144.992331
Pokestop,-37.868211,144.976194
Pokestop,-37.868224,144.977843
Pokestop,-37.868231,144.97686
Pokestop,-37.868239,144.990033
Pokestop,-37.868282,144.979095
Pokestop,-37.868283,144.978976
Pokestop,-37.868349,144.993295
Pokestop,-37.868453,144.978057
Pokestop,-37.868873,144.993301
Pokestop,-37.868906,144.993734
Pokestop,-37.86894,144.980571
Pokestop,-37.868949,144.992048
Pokestop,-37.869034,144.992812
Pokestop,-37.869036,144.980066
Pokestop,-37.869127,144.978153
Pokestop,-37.86913,144.993767
Pokestop,-37.869293,144.992947
Pokestop,-37.869668,144.980835
Pokestop,-37.869726,144.974895
Pokestop,-37.869847,144.982342
Pokestop,-37.870134,144.982481
Pokestop,-37.870265,144.982968
Pokestop,-37.870329,144.975939
Pokestop,-37.870391,144.977911
Pokestop,-37.870423,144.980838
Pokestop,-37.870657,144.979269
Pokestop,-37.870866,144.97607
Pokestop,-37.871657,144.975718
Pokestop,-38.00711,145.133832
Pokestop,-38.007371,145.129275
Pokestop,-38.007762,145.13249
Pokestop,-38.011925,145.125609
Pokestop,-38.012274,145.127202
Pokestop,-38.012721,145.125782
Pokestop,-38.013038,145.136699
Pokestop,-38.013261,145.128458
Pokestop,-38.013405,145.129185
Pokestop,-38.0136,145.130144
Pokestop,-38.013666,145.130726
Pokestop,-38.014427,145.132665
Pokestop,-38.015717,145.125356
Pokestop,-38.015789,145.135908
Pokestop,-38.017442,145.131048
